"old_names","new_names"
"STM14_2791","STM14_2791"
"STM14_5355","STM14_5355"
"STM14_2071","STM14_2071"
"STM14_0643","STM14_0643"
"STM14_5356","STM14_5356"
"STM14_5357","STM14_5357"
"STM14_5358","STM14_5358"
"STM14_5359","STM14_5359"
"STM14_5360","STM14_5360"
"STM14_5361","STM14_5361"
"STM14_0650","STM14_0650"
"STM14_1514","STM14_1514"
"STM14_1803","STM14_1803"
"STM14_2168","STM14_2168"
"STM14_1939","STM14_1939"
"STM14_5055","STM14_5055"
"STM14_4725","STM14_4725"
"STM14_1512","STM14_1512"
"STM14_1767","STM14_1767"
"STM14_4890","STM14_4890"
"STM14_0740","STM14_0740"
"STM14_1587","STM14_1587"
"STM14_1805","STM14_1805"
"STM14_3784","STM14_3784"
"STM14_4531","STM14_4531"
"STM14_0051","STM14_0051"
"STM14_2167","STM14_2167"
"STM14_3785","STM14_3785"
"STM14_0902","STM14_0902"
"STM14_4889","STM14_4889"
"STM14_0187","STM14_0187"
"STM14_3662","STM14_3662"
"STM14_1564","STM14_1564"
"STM14_2236","STM14_2236"
"STM14_1001","STM14_1001"
"STM14_2291","STM14_2291"
"STM14_3319","STM14_3319"
"STM14_4801","STM14_4801"
"STM14_1790","STM14_1790"
"STM14_1513","STM14_1513"
"STM14_5414","STM14_5414"
"STM14_3817","STM14_3817"
"STM14_2323","STM14_2323"
"STM14_5186","STM14_5186"
"STM14_1243","STM14_1243"
"STM14_5185","STM14_5185"
"STM14_2856","STM14_2856"
"STM14_3372","STM14_3372"
"STM14_3700","STM14_3700"
"STM14_4378","STM14_4378"
"STM14_5154","STM14_5154"
"STM14_5273","STM14_5273"
"STM14_5413","STM14_5413"
"STM14_5431","STM14_5431"
"STM14_2379","STM14_2379"
"STM14_0816","STM14_0816"
"STM14_0819","STM14_0819"
"STM14_5118","STM14_5118"
"STM14_2674","STM14_2674"
"STM14_2339","STM14_2339"
"STM14_3340","STM14_3340"
"STM14_3835","STM14_3835"
"STM14_5415","STM14_5415"
"STM14_4510","STM14_4510"
"STM14_3121","STM14_3121"
"STM14_1578","STM14_1578"
"STM14_5117","STM14_5117"
"STM14_3122","STM14_3122"
"STM14_2951","STM14_2951"
"STM14_5362","STM14_5362"
"STM14_3893","STM14_3893"
"STM14_3343","STM14_3343"
"STM14_5545","STM14_5545"
"STM14_5569","STM14_5569"
"STM14_1288","STM14_1288"
"STM14_0446","STM14_0446"
"STM14_2975","STM14_2975"
"STM14_3691","STM14_3691"
"STM14_5026","STM14_5026"
"STM14_2004","STM14_2004"
"STM14_0102","STM14_0102"
"STM14_0105","STM14_0105"
"STM14_0225","STM14_0225"
"STM14_0536","STM14_0536"
"STM14_0610","STM14_0610"
"STM14_1093","STM14_1093"
"STM14_1356","STM14_1356"
"STM14_1950","STM14_1950"
"STM14_2133","STM14_2133"
"STM14_2160","STM14_2160"
"STM14_2187","STM14_2187"
"STM14_2264","STM14_2264"
"STM14_2293","STM14_2293"
"STM14_4182","STM14_4182"
"STM14_4696","STM14_4696"
"STM14_4951","STM14_4951"
"STM14_5116","STM14_5116"
"STM14_5468","STM14_5468"
"STM14_969","STM14_969"
"STM14_2276","STM14_2276"
"STM14_2834","STM14_2834"
"STM14_1902","STM14_1902"
"STM14_1978","STM14_1978"
"STM14_2151","STM14_2151"
"STM14_3063","STM14_3063"
"STM14_3197","STM14_3197"
"STM14_3259","STM14_3259"
"STM14_4497","STM14_4497"
"STM14_4578","STM14_4578"
"STM14_5063","STM14_5063"
"STM14_986","STM14_986"
"STM14_3838","STM14_3838"
"STM14_0659","STM14_0659"
"STM14_1131","STM14_1131"
"STM14_3219","STM14_3219"
"STM14_0038","STM14_0038"
"STM14_0361","STM14_0361"
"STM14_0403","STM14_0403"
"STM14_0406","STM14_0406"
"STM14_0420","STM14_0420"
"STM14_0528","STM14_0528"
"STM14_0714","STM14_0714"
"STM14_0893","STM14_0893"
"STM14_1053","STM14_1053"
"STM14_1189","STM14_1189"
"STM14_1290","STM14_1290"
"STM14_1291","STM14_1291"
"STM14_1326","STM14_1326"
"STM14_1327","STM14_1327"
"STM14_1376","STM14_1376"
"STM14_1502","STM14_1502"
"STM14_1828","STM14_1828"
"STM14_1831","STM14_1831"
"STM14_1867","STM14_1867"
"STM14_1913","STM14_1913"
"STM14_1980","STM14_1980"
"STM14_1994","STM14_1994"
"STM14_2222","STM14_2222"
"STM14_2313","STM14_2313"
"STM14_2561","STM14_2561"
"STM14_2759","STM14_2759"
"STM14_2798","STM14_2798"
"STM14_2952","STM14_2952"
"STM14_3081","STM14_3081"
"STM14_3260","STM14_3260"
"STM14_3312","STM14_3312"
"STM14_3421","STM14_3421"
"STM14_3508","STM14_3508"
"STM14_3645","STM14_3645"
"STM14_3690","STM14_3690"
"STM14_3723","STM14_3723"
"STM14_4269","STM14_4269"
"STM14_4376","STM14_4376"
"STM14_4427","STM14_4427"
"STM14_4437","STM14_4437"
"STM14_4521","STM14_4521"
"STM14_4630","STM14_4630"
"STM14_4641","STM14_4641"
"STM14_4856","STM14_4856"
"STM14_4886","STM14_4886"
"STM14_4931","STM14_4931"
"STM14_4934","STM14_4934"
"STM14_4950","STM14_4950"
"STM14_4993","STM14_4993"
"STM14_5084","STM14_5084"
"STM14_5175","STM14_5175"
"STM14_5396","STM14_5396"
"STM14_5433","STM14_5433"
"STM14_940","STM14_940"
"STM14_5532","STM14_5532"
"STM14_5565","STM14_5565"
"STM14_2854","STM14_2854"
"STM14_4558","STM14_4558"
"STM14_4343","STM14_4343"
"STM14_1216","STM14_1216"
"STM14_1289","STM14_1289"
"STM14_3341","STM14_3341"
"STM14_4167","STM14_4167"
"STM14_967","STM14_967"
"STM14_1522","STM14_1522"
"STM14_0076","STM14_0076"
"STM14_0597","STM14_0597"
"STM14_1510","STM14_1510"
"STM14_2015","STM14_2015"
"STM14_2148","STM14_2148"
"STM14_2158","STM14_2158"
"STM14_2822","STM14_2822"
"STM14_2955","STM14_2955"
"STM14_3300","STM14_3300"
"STM14_3525","STM14_3525"
"STM14_3642","STM14_3642"
"STM14_3773","STM14_3773"
"STM14_3783","STM14_3783"
"STM14_3897","STM14_3897"
"STM14_4416","STM14_4416"
"STM14_5018","STM14_5018"
"STM14_5190","STM14_5190"
"STM14_5451","STM14_5451"
"STM14_0181","STM14_0181"
"STM14_3155","STM14_3155"
"STM14_5455","STM14_5455"
"STM14_0384","STM14_0384"
"STM14_0165","STM14_0165"
"STM14_0179","STM14_0179"
"STM14_0317","STM14_0317"
"STM14_0337","STM14_0337"
"STM14_0424","STM14_0424"
"STM14_1530","STM14_1530"
"STM14_3960","STM14_3960"
"STM14_4742","STM14_4742"
"STM14_5002","STM14_5002"
"STM14_989","STM14_989"
"STM14_2811","STM14_2811"
"STM14_0573","STM14_0573"
"STM14_1479","STM14_1479"
"STM14_1528","STM14_1528"
"STM14_5401","STM14_5401"
"STM14_4938","STM14_4938"
"STM14_1167","STM14_1167"
"STM14_2671","STM14_2671"
"STM14_0178","STM14_0178"
"STM14_1261","STM14_1261"
"STM14_3107","STM14_3107"
"STM14_5452","STM14_5452"
"STM14_1273","STM14_1273"
"STM14_1293","STM14_1293"
"STM14_2189","STM14_2189"
"STM14_4562","STM14_4562"
"STM14_1283","STM14_1283"
"STM14_2738","STM14_2738"
"STM14_5449","STM14_5449"
"STM14_3382","STM14_3382"
"STM14_1849","STM14_1849"
"STM14_0177","STM14_0177"
"STM14_2881","STM14_2881"
"STM14_0012","STM14_0012"
"STM14_0019","STM14_0019"
"STM14_0027","STM14_0027"
"STM14_0314","STM14_0314"
"STM14_0329","STM14_0329"
"STM14_0331","STM14_0331"
"STM14_0412","STM14_0412"
"STM14_0843","STM14_0843"
"STM14_0844","STM14_0844"
"STM14_1034","STM14_1034"
"STM14_1141","STM14_1141"
"STM14_1147","STM14_1147"
"STM14_1160","STM14_1160"
"STM14_1169","STM14_1169"
"STM14_1453","STM14_1453"
"STM14_1557","STM14_1557"
"STM14_1572","STM14_1572"
"STM14_1636","STM14_1636"
"STM14_1784","STM14_1784"
"STM14_1821","STM14_1821"
"STM14_1848","STM14_1848"
"STM14_1864","STM14_1864"
"STM14_2169","STM14_2169"
"STM14_2180","STM14_2180"
"STM14_2268","STM14_2268"
"STM14_2272","STM14_2272"
"STM14_2490","STM14_2490"
"STM14_2710","STM14_2710"
"STM14_2815","STM14_2815"
"STM14_2889","STM14_2889"
"STM14_2940","STM14_2940"
"STM14_3100","STM14_3100"
"STM14_3119","STM14_3119"
"STM14_3144","STM14_3144"
"STM14_3230","STM14_3230"
"STM14_3331","STM14_3331"
"STM14_3362","STM14_3362"
"STM14_3363","STM14_3363"
"STM14_3464","STM14_3464"
"STM14_3510","STM14_3510"
"STM14_3579","STM14_3579"
"STM14_3661","STM14_3661"
"STM14_3759","STM14_3759"
"STM14_3959","STM14_3959"
"STM14_4069","STM14_4069"
"STM14_4074","STM14_4074"
"STM14_4224","STM14_4224"
"STM14_4325","STM14_4325"
"STM14_4336","STM14_4336"
"STM14_4458","STM14_4458"
"STM14_4540","STM14_4540"
"STM14_4549","STM14_4549"
"STM14_4811","STM14_4811"
"STM14_4875","STM14_4875"
"STM14_5047","STM14_5047"
"STM14_5313","STM14_5313"
"STM14_5429","STM14_5429"
"STM14_5584","STM14_5584"
"STM14_5582","STM14_5582"
"STM14_0039","STM14_0039"
"STM14_0310","STM14_0310"
"STM14_0345","STM14_0345"
"STM14_0405","STM14_0405"
"STM14_0653","STM14_0653"
"STM14_0840","STM14_0840"
"STM14_1137","STM14_1137"
"STM14_1153","STM14_1153"
"STM14_1190","STM14_1190"
"STM14_1198","STM14_1198"
"STM14_1292","STM14_1292"
"STM14_1496","STM14_1496"
"STM14_1500","STM14_1500"
"STM14_1904","STM14_1904"
"STM14_1914","STM14_1914"
"STM14_1961","STM14_1961"
"STM14_2014","STM14_2014"
"STM14_2061","STM14_2061"
"STM14_2115","STM14_2115"
"STM14_2254","STM14_2254"
"STM14_2271","STM14_2271"
"STM14_2823","STM14_2823"
"STM14_2872","STM14_2872"
"STM14_2925","STM14_2925"
"STM14_3032","STM14_3032"
"STM14_3069","STM14_3069"
"STM14_3079","STM14_3079"
"STM14_3154","STM14_3154"
"STM14_3168","STM14_3168"
"STM14_3169","STM14_3169"
"STM14_3295","STM14_3295"
"STM14_3726","STM14_3726"
"STM14_3757","STM14_3757"
"STM14_4229","STM14_4229"
"STM14_4485","STM14_4485"
"STM14_4501","STM14_4501"
"STM14_4768","STM14_4768"
"STM14_4874","STM14_4874"
"STM14_4876","STM14_4876"
"STM14_4953","STM14_4953"
"STM14_5050","STM14_5050"
"STM14_5051","STM14_5051"
"STM14_5212","STM14_5212"
"STM14_5462","STM14_5462"
"STM14_5496","STM14_5496"
"STM14_5516","STM14_5516"
"STM14_5547","STM14_5547"
"STM14_1593","STM14_1593"
"STM14_1816","STM14_1816"
"STM14_0332","STM14_0332"
"STM14_0562","STM14_0562"
"STM14_0599","STM14_0599"
"STM14_06230","STM14_06230"
"STM14_0645","STM14_0645"
"STM14_0660","STM14_0660"
"STM14_0671","STM14_0671"
"STM14_0726","STM14_0726"
"STM14_0783","STM14_0783"
"STM14_0888","STM14_0888"
"STM14_1161","STM14_1161"
"STM14_1279","STM14_1279"
"STM14_1280","STM14_1280"
"STM14_1526","STM14_1526"
"STM14_1533","STM14_1533"
"STM14_1550","STM14_1550"
"STM14_1658","STM14_1658"
"STM14_1786","STM14_1786"
"STM14_1975","STM14_1975"
"STM14_2073","STM14_2073"
"STM14_2251","STM14_2251"
"STM14_2267","STM14_2267"
"STM14_2366","STM14_2366"
"STM14_2419","STM14_2419"
"STM14_2470","STM14_2470"
"STM14_2501","STM14_2501"
"STM14_2619","STM14_2619"
"STM14_2660","STM14_2660"
"STM14_2726","STM14_2726"
"STM14_2766","STM14_2766"
"STM14_2902","STM14_2902"
"STM14_2977","STM14_2977"
"STM14_3205","STM14_3205"
"STM14_3206","STM14_3206"
"STM14_3314","STM14_3314"
"STM14_3385","STM14_3385"
"STM14_3431","STM14_3431"
"STM14_3712","STM14_3712"
"STM14_3872","STM14_3872"
"STM14_4023","STM14_4023"
"STM14_4207","STM14_4207"
"STM14_4213","STM14_4213"
"STM14_4261","STM14_4261"
"STM14_4519","STM14_4519"
"STM14_4582","STM14_4582"
"STM14_4595","STM14_4595"
"STM14_4658","STM14_4658"
"STM14_4741","STM14_4741"
"STM14_4808","STM14_4808"
"STM14_4894","STM14_4894"
"STM14_4914","STM14_4914"
"STM14_5020","STM14_5020"
"STM14_5044","STM14_5044"
"STM14_5131","STM14_5131"
"STM14_5168","STM14_5168"
"STM14_5309","STM14_5309"
"STM14_5367","STM14_5367"
"STM14_5410","STM14_5410"
"STM14_997","STM14_997"
"STM14_5606","STM14_5606"
"STM14_5152","STM14_5152"
"STM14_3800","STM14_3800"
"STM14_0046","STM14_0046"
"STM14_0064","STM14_0064"
"STM14_0820","STM14_0820"
"STM14_0826","STM14_0826"
"STM14_1002","STM14_1002"
"STM14_1390","STM14_1390"
"STM14_1476","STM14_1476"
"STM14_2257","STM14_2257"
"STM14_2387","STM14_2387"
"STM14_2632","STM14_2632"
"STM14_3665","STM14_3665"
"STM14_3704","STM14_3704"
"STM14_3713","STM14_3713"
"STM14_4185","STM14_4185"
"STM14_5225","STM14_5225"
"STM14_3822","STM14_3822"
"STM14_1294","STM14_1294"
"STM14_3821","STM14_3821"
"STM14_3220","STM14_3220"
"STM14_3398","STM14_3398"
"STM14_4340","STM14_4340"
"STM14_5125","STM14_5125"
"STM14_5548","STM14_5548"
"STM14_5570","STM14_5570"
"STM14_4895","STM14_4895"
"STM14_4905","STM14_4905"
"STM14_1923","STM14_1923"
"STM14_0419","STM14_0419"
"STM14_1484","STM14_1484"
"STM14_2049","STM14_2049"
"STM14_3774","STM14_3774"
"STM14_0422","STM14_0422"
"STM14_5454","STM14_5454"
"STM14_0451","STM14_0451"
"STM14_5450","STM14_5450"
"STM14_5453","STM14_5453"
"STM14_1307","STM14_1307"
"STM14_2128","STM14_2128"
"STM14_3196","STM14_3196"
"STM14_4800","STM14_4800"
"STM14_4867","STM14_4867"
"STM14_1884","STM14_1884"
"STM14_0633","STM14_0633"
"STM14_2680","STM14_2680"
"STM14_3803","STM14_3803"
"STM14_4770","STM14_4770"
"STM14_4552","STM14_4552"
"STM14_1102","STM14_1102"
"STM14_1601","STM14_1601"
"STM14_1162","STM14_1162"
"STM14_0449","STM14_0449"
"STM14_3365","STM14_3365"
"STM14_0423","STM14_0423"
"STM14_2389","STM14_2389"
"STM14_2651","STM14_2651"
"STM14_3253","STM14_3253"
"STM14_4556","STM14_4556"
"STM14_1038","STM14_1038"
"STM14_1442","STM14_1442"
"STM14_4909","STM14_4909"
"STM14_2209","STM14_2209"
"STM14_3378","STM14_3378"
"STM14_4553","STM14_4553"
"STM14_3273","STM14_3273"
"STM14_1751","STM14_1751"
"STM14_4740","STM14_4740"
"STM14_3217","STM14_3217"
"STM14_2888","STM14_2888"
"STM14_1154","STM14_1154"
"STM14_2640","STM14_2640"
"STM14_1952","STM14_1952"
"STM14_2456","STM14_2456"
"STM14_1964","STM14_1964"
"STM14_1602","STM14_1602"
"STM14_4500","STM14_4500"
"STM14_2424","STM14_2424"
"STM14_0343","STM14_0343"
"STM14_0498","STM14_0498"
"STM14_2745","STM14_2745"
"STM14_1361","STM14_1361"
"STM14_2466","STM14_2466"
"STM14_2773","STM14_2773"
"STM14_5430","STM14_5430"
"STM14_3304","STM14_3304"
"STM14_1960","STM14_1960"
"STM14_5479","STM14_5479"
"STM14_2484","STM14_2484"
"STM14_0450","STM14_0450"
"STM14_0665","STM14_0665"
"STM14_1883","STM14_1883"
"STM14_3944","STM14_3944"
"STM14_5402","STM14_5402"
"STM14_1068","STM14_1068"
"STM14_5033","STM14_5033"
"STM14_5404","STM14_5404"
"STM14_5096","STM14_5096"
"STM14_4051","STM14_4051"
"STM14_1932","STM14_1932"
"STM14_0421","STM14_0421"
"STM14_4563","STM14_4563"
"STM14_1872","STM14_1872"
"STM14_1183","STM14_1183"
"STM14_1882","STM14_1882"
"STM14_0047","STM14_0047"
"STM14_1483","STM14_1483"
"STM14_0026","STM14_0026"
"STM14_0336","STM14_0336"
"STM14_0386","STM14_0386"
"STM14_0464","STM14_0464"
"STM14_0894","STM14_0894"
"STM14_1000","STM14_1000"
"STM14_1152","STM14_1152"
"STM14_2701","STM14_2701"
"STM14_3165","STM14_3165"
"STM14_3364","STM14_3364"
"STM14_3837","STM14_3837"
"STM14_4439","STM14_4439"
"STM14_4825","STM14_4825"
"STM14_5025","STM14_5025"
"STM14_5031","STM14_5031"
"STM14_5046","STM14_5046"
"STM14_5052","STM14_5052"
"STM14_5111","STM14_5111"
"STM14_5333","STM14_5333"
"STM14_5347","STM14_5347"
"abrB","abrB"
"aceA","aceA"
"aceB","aceB"
"acs","acs"
"actP","actP"
"adhP","adhP"
"adiY","adiY"
"aer","aer"
"alaW","alaW"
"alaX","alaX"
"ansB","ansB"
"argD_1","argD_1"
"argS","argS"
"argT","argT"
"arnT","arnT"
"aroG","aroG"
"asnS","asnS"
"astA","astA"
"astB","astB"
"astD","astD"
"astE","astE"
"atpA","atpA"
"atpC","atpC"
"atpD","atpD"
"atpF","atpF"
"atpG","atpG"
"bcfF","bcfF"
"bcfH","bcfH"
"bioA","bioA"
"bioB","bioB"
"bisC","bisC"
"bssR","bssR"
"bssS","bssS"
"ccmC_1","ccmC_1"
"ccmC_2","ccmC_2"
"celC","chbA"
"cheA","cheA"
"cheB","cheB"
"cheM","cheM"
"cheR","cheR"
"cheW","cheW"
"cheY","cheY"
"cheZ","cheZ"
"citB","citB"
"citC2","citC2"
"citT","citT"
"csgB","csgB"
"csgC","csgC"
"csgD","csgD"
"csgE","csgE"
"csgF","csgF"
"csiE","csiE"
"cyoA","cyoA"
"cysI","cysI"
"dadA","dadA"
"dadX","dadX"
"damX","damX"
"dcoC","dcoC"
"dgoT","dgoT"
"dnaN","dnaN"
"dppB","dppB"
"dsrB","dsrB"
"eco","eco"
"ego","ego"
"eno","eno"
"entD","entD"
"envZ","envZ"
"eutB","eutB"
"eutC","eutC"
"eutD","eutD"
"eutE","eutE"
"eutG","eutG"
"eutH","eutH"
"eutJ","eutJ"
"eutM","eutM"
"eutN","eutN"
"eutP","eutP"
"eutQ","eutQ"
"eutR","eutR"
"eutS","eutS"
"eutT","eutT"
"fadA","fadA"
"fadB","fadB"
"fadE","fadE"
"fadH","fadH"
"fadI","fadI"
"fdx","fdx"
"fepE","fepE"
"fepG","fepG"
"fimA","fimA"
"fimC","fimC"
"fimD","fimD"
"fimF","fimF"
"fimH","sfmH"
"fimI","fimI"
"fimW","fimW"
"fimY","fimY"
"fimZ","fimZ"
"fixC","fixC"
"flgB","flgB"
"flgC","flgC"
"flgD","flgD"
"flgE","flgE"
"flgF","flgF"
"flgG","flgG"
"flgH","flgH"
"flgI","flgI"
"flgJ","flgJ"
"flgK","flgK"
"flgL","flgL"
"flgM","flgM"
"flgN","flgN"
"flhB","flhB"
"flhC","flhC"
"flhD","flhD"
"fliA","fliA"
"fliB","fliB"
"fliC","fliC"
"fliD","fliD"
"fliF","fliF"
"fliG","fliG"
"fliH","fliH"
"fliI","fliI"
"fliJ","fliJ"
"fliK","fliK"
"fliL","fliL"
"fliM","fliM"
"fliO","fliO"
"fliQ","fliQ"
"fliR","fliR"
"fliS","fliS"
"fliT","fliT"
"fliZ","fliZ"
"fljA","fljA"
"fljB","fljB"
"frr","frr"
"fruA","fruA"
"fruF","fruB"
"fruK","fruK"
"fsr","fsr"
"ftnB","ftnB"
"fucK","fucK"
"fumC","fumC"
"fusA","fusA"
"gabD","gabD"
"gabT","gabT"
"gatY_1","gatY_1"
"gatY_2","gatY_2"
"gip","hyi"
"glgS","glgS"
"glnK","glnK"
"glpA","glpA"
"glpB","glpB"
"glpC","glpC"
"glpK","glpK"
"glpQ","glpQ"
"gltI","gltI"
"gltJ","gltJ"
"gltK","gltK"
"gltL","gltL"
"gltS","gltS"
"glxR","glxR"
"gntK","gntK"
"gtrA","hemA"
"guaC","guaC"
"hin","hin"
"hns","hns"
"hofC","hofC"
"hopD","hopD"
"hpaA","hpaA"
"hpaF","hpaF"
"hpaG","hpaG"
"hpaI","hpaI"
"hscA","hscA"
"hscB","hscB"
"hsdS","hsdS"
"htgA","htgA"
"hutH","hutH"
"hycD","hycD"
"hycE","hycE"
"hycF","hycF"
"hycG","hycG"
"iclR","iclR"
"idnR","idnR"
"infB","infB"
"iroB","iroB"
"iroD","iroD"
"kdpA","kdpA"
"kdpB","kdpB"
"ldcC","ldcC"
"leuO","leuO"
"lldD","lldD"
"lldP","lldP"
"lldR","lldR"
"lolD","lolD"
"lpfB","lpfB"
"lpfE","lpfE"
"lysA","lysA"
"lysC","lysC"
"malE","malE"
"malF","malF"
"malK","malK"
"manC","cpsB"
"marA","marA"
"marB","marB"
"marR","marR"
"mazG","mazG"
"metA","metA"
"metB","metB"
"metF","metF"
"metR","metR"
"mglA","mglA"
"mglC","mglC"
"mgtB","mgtB"
"micF","micF"
"misL","misL"
"motA","motA"
"motB","motB"
"msyB","msyB"
"mutT","mutT"
"nagD","umpH"
"nanK","nanK"
"napA","napA"
"napD","napD"
"napF","napF"
"narK","narK"
"narU","narU"
"nemA","nemA"
"nifS","nifS"
"nrdG","nrdG"
"nrdH","nrdH"
"nrdI","nrdI"
"oadA","oadA"
"oadG","oadG"
"oat","oat"
"obgE","obgE"
"ompA","ompA"
"orf32","orf32"
"orf48","orf48"
"orfX","orfX"
"osmB","osmB"
"osmC","osmC"
"otsB","otsB"
"parA","parA"
"pbpG","pbpG"
"pduH","pduH"
"pduJ","pduJ"
"pduK","pduK"
"pduP","pduP"
"pduT","pduT"
"pduU","pduU"
"pefA","pefA"
"pepB","pepB"
"pflC","pflC"
"pflE","pflE"
"phnU","phnU"
"phnV","phnV"
"potE","potE"
"potF","potF"
"potG","potG"
"ppdA","ppdA"
"pps","ppsA"
"prfH","prfH"
"prpR","prpR"
"purB","purB"
"purD","purD"
"purF","purF"
"pyrH","pyrH"
"rcsA","rcsA"
"repA2","repA2"
"rfaK","rfaK"
"rfbA","rfbA"
"rfbB","rfbB"
"rfbC","rfbC"
"rfbD","rfbD"
"rfbF","rfbF"
"rfbI","rfbI"
"rfbK","rfbK"
"rfbM","rfbM"
"rfbN","rfbN"
"rfbP","rfbP"
"rfbU","rfbU"
"rfbV","rfbV"
"rffG","rffG"
"rplC","rplC"
"rplD","rplD"
"rplF","rplF"
"rplJ","rplJ"
"rplL","rplL"
"rplP","rplP"
"rplS","rplS"
"rplU","rplU"
"rplV","rplV"
"rpmA","rpmA"
"rpmD","rpmD"
"rpoB","rpoB"
"rprA","rprA"
"rpsC","rpsC"
"rpsD","rpsD"
"rpsS","rpsS"
"rrfA","rrfA"
"rrfB","rrfB"
"rrfC","rrfC"
"rrfE","rrfE"
"rrfG","rrfG"
"rspA","rspA"
"sbp","sbp"
"sdhC","sdhC"
"sdiA","sdiA"
"sgbE","sgbE"
"sgbU","sgbU"
"sinH","sinH"
"sinI","sinI"
"spaR","spaR"
"speF","speF"
"spvB","spvB"
"spvC","spvC"
"spvD","spvD"
"spvR","spvR"
"srlA","srlA"
"srlE","srlE"
"ssaQ","ssaQ"
"sseB","sseB"
"stbC","stbC"
"stcB","stcB"
"stdA","stdA"
"stdC","stdC"
"stfD","stfD"
"stfE","stfE"
"stfG","stfG"
"sthA","sthA"
"sthD","sthD"
"stiC","stiC"
"sufA","sufA"
"sufC","sufC"
"suhB","suhB"
"tcp","tcp"
"tctD","tctD"
"tdcB","tdcB"
"tdcC","tdcC"
"tdcD","tdcD"
"tdcE","tdcE"
"thrA","thrA"
"thrB","thrB"
"tktA","tktA"
"tolA","tolA"
"tolR","tolR"
"traD","traD"
"traE","traE"
"traJ","traJ"
"traR","traR"
"traY","traY"
"trg","trg"
"trmE","mnmE"
"trpL","trpL"
"tsf","tsf"
"tsr","tsr"
"ttrC","ttrC"
"typA","bipA"
"ugpA","ugpA"
"ugpB","ugpB"
"ugpC","ugpC"
"ugpE","ugpE"
"ulaA_1","ulaA_1"
"ulaA_3","ulaA_3"
"umuC","umuC"
"wcaB","wcaB"
"wcaC","wcaC"
"wcaE","wcaE"
"wcaH","wcaH"
"wcaM","wcaM"
"wzb","wzb"
"wzc","wzc"
"wzxC","wzxC"
"yafK","yafK"
"yaiA","yaiA"
"yaiC","dgcC"
"yaiY","yaiY"
"ybaM","ybaM"
"ybbV","ybbV"
"ybcI","ybcI"
"ybdH","hcxA"
"ybdK","ybdK"
"ybdR","ybdR"
"ybeF","ybeF"
"ybeL","ybeL"
"ybgS","ybgS"
"ybhM","ybhM"
"ybhN","ybhN"
"ybhO","clsB"
"ybhP","ybhP"
"ybhQ","ybhQ"
"ybiU","ybiU"
"ycaP","ycaP"
"yccJ","yccJ"
"yceE","mdtG"
"ycgR","ycgR"
"ychH","ychH"
"yciG","yciG"
"yciH","yciH"
"ydcI","ydcI"
"ydcX","ydcX"
"yddX","bdm"
"ydeV","lsrK"
"ydeW","lsrR"
"ydeY","lsrC"
"ydeZ","ydeZ"
"ydgE","mdtI"
"ydgF","mdtJ"
"ydgI","ydgI"
"ydiL","ydiL"
"ydiP","ydiP"
"yeaD","yeaD"
"yebR","msrC"
"yebS","letA"
"yedA","yedA"
"yedE","yedE"
"yedF","yedF"
"yedP","yedP"
"yeeO","yeeO"
"yegT","yegT"
"yehE","yehE"
"yehY","yehY"
"yehZ","yehZ"
"yfbG","arnA"
"yfdH","yfdH"
"yfeA","pdeA"
"yfeK","yfeK"
"yfhP","iscR"
"ygaC","ygaC"
"ygaF","lhgD"
"ygbD","norW"
"yggM","yggM"
"ygiK","ygiK"
"ygjU","sstT"
"yhcO","yhcO"
"yhcR","yhcR"
"yhgG","feoC"
"yhiN","yhiN"
"yhiP","dtpB"
"yhjG","yhjG"
"yhjH","pdeH"
"yhjY","yhjY"
"yiaL","yiaL"
"yicE","xanP"
"yicJ","yicJ"
"yifE","maoP"
"yigG","yigG"
"yigI","yigI"
"yihR","yihR"
"yihT","yihT"
"yiiR","yiiR"
"yjcB","yjcB"
"yjcH","yjcH"
"yjfI","yjfI"
"yjgD","rraB"
"ymdF","ymdF"
"ymgE","ymgE"
"yncB","curA"
"yncC","mcbR"
"yncJ","yncJ"
"yneA","yneA"
"yneB","lsrF"
"yneC","yneC"
"ynfA","ynfA"
"yohF","yohF"
"yohG","yohG"
"ypfG","ypfG"
"yqeF","yqeF"
"yqgD","yqgD"
"yqjB","mzrA"
"yrfB","yrfB"
"yrfD","yrfD"
"ytfF","ytfF"
"ytgA","ytgA"
"zraP","zraP"
"STM14_3501","STM14_3501"
"STM14_4969","STM14_4969"
"STM14_3221","STM14_3221"
"STM14_06610","STM14_06610"
"STM14_2321","STM14_2321"
"STM14_4581","STM14_4581"
"STM14_2329","STM14_2329"
"STM14_2459","STM14_2459"
"STM14_2215","STM14_2215"
"STM14_3799","STM14_3799"
"STM14_2475","STM14_2475"
"STM14_3043","STM14_3043"
"STM14_3070","STM14_3070"
"STM14_1020","STM14_1020"
"STM14_1431","STM14_1431"
"STM14_1566","STM14_1566"
"STM14_4273","STM14_4273"
"STM14_2473","STM14_2473"
"STM14_5274","STM14_5274"
"STM14_4352","STM14_4352"
"STM14_4502","STM14_4502"
"STM14_2441","STM14_2441"
"STM14_1098","STM14_1098"
"STM14_4034","STM14_4034"
"STM14_0850","STM14_0850"
"STM14_4992","STM14_4992"
"STM14_3834","STM14_3834"
"STM14_3074","STM14_3074"
"STM14_3789","STM14_3789"
"STM14_0399","STM14_0399"
"STM14_2448","STM14_2448"
"STM14_3798","STM14_3798"
"STM14_2443","STM14_2443"
"STM14_2434","STM14_2434"
"STM14_3394","STM14_3394"
"STM14_4239","STM14_4239"
"STM14_2152","STM14_2152"
"STM14_0296","STM14_0296"
"STM14_2270","STM14_2270"
"STM14_3080","STM14_3080"
"STM14_3847","STM14_3847"
"STM14_3875","STM14_3875"
"STM14_4018","STM14_4018"
"STM14_4263","STM14_4263"
"STM14_5306","STM14_5306"
"STM14_3410","STM14_3410"
"STM14_4533","STM14_4533"
"STM14_2277","STM14_2277"
"STM14_2852","STM14_2852"
"STM14_2442","STM14_2442"
"STM14_2637","STM14_2637"
"STM14_3624","STM14_3624"
"STM14_3223","STM14_3223"
"STM14_2227","STM14_2227"
"STM14_5192","STM14_5192"
"STM14_3762","STM14_3762"
"STM14_3438","STM14_3438"
"STM14_3447","STM14_3447"
"STM14_3301","STM14_3301"
"STM14_3479","STM14_3479"
"STM14_2164","STM14_2164"
"STM14_1706","STM14_1706"
"STM14_0097","STM14_0097"
"STM14_0327","STM14_0327"
"STM14_0430","STM14_0430"
"STM14_1764","STM14_1764"
"STM14_2444","STM14_2444"
"STM14_3227","STM14_3227"
"STM14_4192","STM14_4192"
"STM14_2165","STM14_2165"
"STM14_2476","STM14_2476"
"STM14_2161","STM14_2161"
"STM14_2445","STM14_2445"
"STM14_0348","STM14_0348"
"STM14_1692","STM14_1692"
"STM14_2248","STM14_2248"
"STM14_1081","STM14_1081"
"STM14_5191","STM14_5191"
"STM14_2870","STM14_2870"
"STM14_1401","STM14_1401"
"STM14_2458","STM14_2458"
"STM14_2162","STM14_2162"
"STM14_2166","STM14_2166"
"STM14_5122","STM14_5122"
"STM14_4163","STM14_4163"
"STM14_2163","STM14_2163"
"STM14_3433","STM14_3433"
"STM14_3437","STM14_3437"
"STM14_2736","STM14_2736"
"STM14_1196","STM14_1196"
"STM14_0390","STM14_0390"
"STM14_4689","STM14_4689"
"STM14_0860","STM14_0860"
"STM14_1286","STM14_1286"
"STM14_1783","STM14_1783"
"STM14_5083","STM14_5083"
"STM14_1970","STM14_1970"
"STM14_1244","STM14_1244"
"STM14_1937","STM14_1937"
"STM14_0322","STM14_0322"
"STM14_5121","STM14_5121"
"STM14_0683","STM14_0683"
"STM14_1209","STM14_1209"
"STM14_1895","STM14_1895"
"STM14_4589","STM14_4589"
"STM14_1782","STM14_1782"
"STM14_3411","STM14_3411"
"STM14_1197","STM14_1197"
"STM14_2428","STM14_2428"
"STM14_0143","STM14_0143"
"STM14_2556","STM14_2556"
"STM14_1614","STM14_1614"
"STM14_1486","STM14_1486"
"STM14_5115","STM14_5115"
"STM14_3198","STM14_3198"
"STM14_5189","STM14_5189"
"STM14_1833","STM14_1833"
"STM14_1613","STM14_1613"
"STM14_2342","STM14_2342"
"STM14_1282","STM14_1282"
"STM14_3466","STM14_3466"
"STM14_5184","STM14_5184"
"STM14_1503","STM14_1503"
"STM14_5187","STM14_5187"
"STM14_5188","STM14_5188"
"STM14_1612","STM14_1612"
"STM14_5119","STM14_5119"
"STM14_5120","STM14_5120"
"STM14_5557","STM14_5557"
"STM14_5594","STM14_5594"
"STM14_3109","STM14_3109"
"STM14_3884","STM14_3884"
"STM14_5208","STM14_5208"
"STM14_0363","STM14_0363"
"STM14_1829","STM14_1829"
"STM14_1922","STM14_1922"
"STM14_3801","STM14_3801"
"STM14_3693","STM14_3693"
"STM14_0141","STM14_0141"
"STM14_0391","STM14_0391"
"STM14_2763","STM14_2763"
"STM14_2770","STM14_2770"
"STM14_3583","STM14_3583"
"STM14_3819","STM14_3819"
"STM14_4771","STM14_4771"
"STM14_1971","STM14_1971"
"STM14_3153","STM14_3153"
"STM14_2255","STM14_2255"
"STM14_973","STM14_973"
"STM14_0323","STM14_0323"
"STM14_0715","STM14_0715"
"STM14_1118","STM14_1118"
"STM14_2699","STM14_2699"
"STM14_3396","STM14_3396"
"STM14_3040","STM14_3040"
"STM14_3299","STM14_3299"
"STM14_0841","STM14_0841"
"STM14_0015","STM14_0015"
"STM14_0025","STM14_0025"
"STM14_0292","STM14_0292"
"STM14_0328","STM14_0328"
"STM14_0339","STM14_0339"
"STM14_1055","STM14_1055"
"STM14_1151","STM14_1151"
"STM14_1201","STM14_1201"
"STM14_1437","STM14_1437"
"STM14_1890","STM14_1890"
"STM14_2273","STM14_2273"
"STM14_2421","STM14_2421"
"STM14_3322","STM14_3322"
"STM14_3507","STM14_3507"
"STM14_3528","STM14_3528"
"STM14_3718","STM14_3718"
"STM14_3904","STM14_3904"
"STM14_4240","STM14_4240"
"STM14_4504","STM14_4504"
"STM14_5067","STM14_5067"
"STM14_5182","STM14_5182"
"STM14_952","STM14_952"
"STM14_1756","STM14_1756"
"STM14_1758","STM14_1758"
"STM14_1854","STM14_1854"
"STM14_1855","STM14_1855"
"STM14_1856","STM14_1856"
"STM14_1857","STM14_1857"
"STM14_2633","STM14_2633"
"STM14_4056","STM14_4056"
"STM14_927","STM14_927"
"STM14_0137","STM14_0137"
"STM14_0326","STM14_0326"
"STM14_0414","STM14_0414"
"STM14_0672","STM14_0672"
"STM14_1019","STM14_1019"
"STM14_1455","STM14_1455"
"STM14_1499","STM14_1499"
"STM14_2123","STM14_2123"
"STM14_2298","STM14_2298"
"STM14_2631","STM14_2631"
"STM14_2923","STM14_2923"
"STM14_3209","STM14_3209"
"STM14_4101","STM14_4101"
"STM14_4893","STM14_4893"
"STM14_5124","STM14_5124"
"STM14_5137","STM14_5137"
"STM14_5149","STM14_5149"
"STM14_4296","STM14_4296"
"STM14_0210","STM14_0210"
"STM14_05870","STM14_05870"
"STM14_0655","STM14_0655"
"STM14_1108","STM14_1108"
"STM14_1164","STM14_1164"
"STM14_1450","STM14_1450"
"STM14_1638","STM14_1638"
"STM14_2243","STM14_2243"
"STM14_2921","STM14_2921"
"STM14_3090","STM14_3090"
"STM14_3386","STM14_3386"
"STM14_3502","STM14_3502"
"STM14_3622","STM14_3622"
"STM14_3890","STM14_3890"
"STM14_3933","STM14_3933"
"STM14_4403","STM14_4403"
"STM14_4854","STM14_4854"
"STM14_5068","STM14_5068"
"STM14_5101","STM14_5101"
"STM14_5110","STM14_5110"
"STM14_970","STM14_970"
"STM14_0407","STM14_0407"
"STM14_0657","STM14_0657"
"STM14_1981","STM14_1981"
"STM14_2305","STM14_2305"
"STM14_3204","STM14_3204"
"STM14_3711","STM14_3711"
"STM14_3728","STM14_3728"
"STM14_4448","STM14_4448"
"STM14_4520","STM14_4520"
"STM14_5254","STM14_5254"
"STM14_5344","STM14_5344"
"STM14_5494","STM14_5494"
"STM14_0398","STM14_0398"
"STM14_0629","STM14_0629"
"STM14_0780","STM14_0780"
"STM14_0791","STM14_0791"
"STM14_1399","STM14_1399"
"STM14_1494","STM14_1494"
"STM14_1561","STM14_1561"
"STM14_1693","STM14_1693"
"STM14_1694","STM14_1694"
"STM14_1794","STM14_1794"
"STM14_1911","STM14_1911"
"STM14_2242","STM14_2242"
"STM14_2357","STM14_2357"
"STM14_2624","STM14_2624"
"STM14_2638","STM14_2638"
"STM14_2692","STM14_2692"
"STM14_2911","STM14_2911"
"STM14_3011","STM14_3011"
"STM14_3035","STM14_3035"
"STM14_3036","STM14_3036"
"STM14_3625","STM14_3625"
"STM14_3628","STM14_3628"
"STM14_4214","STM14_4214"
"STM14_4813","STM14_4813"
"STM14_4821","STM14_4821"
"STM14_5495","STM14_5495"
"STM14_0016","STM14_0016"
"STM14_0628","STM14_0628"
"STM14_2117","STM14_2117"
"STM14_2623","STM14_2623"
"STM14_4095","STM14_4095"
"STM14_4180","STM14_4180"
"STM14_4388","STM14_4388"
"STM14_4772","STM14_4772"
"STM14_5299","STM14_5299"
"STM14_5407","STM14_5407"
"STM14_1979","STM14_1979"
"STM14_0359","STM14_0359"
"STM14_2711","STM14_2711"
"STM14_2771","STM14_2771"
"STM14_0846","STM14_0846"
"STM14_3775","STM14_3775"
"STM14_0668","STM14_0668"
"STM14_1262","STM14_1262"
"STM14_2223","STM14_2223"
"STM14_3901","STM14_3901"
"STM14_4316","STM14_4316"
"STM14_1007","STM14_1007"
"STM14_4961","STM14_4961"
"STM14_4361","STM14_4361"
"STM14_1316","STM14_1316"
"STM14_2665","STM14_2665"
"STM14_982","STM14_982"
"STM14_5132","STM14_5132"
"STM14_0042","STM14_0042"
"STM14_0342","STM14_0342"
"STM14_1249","STM14_1249"
"STM14_1239","STM14_1239"
"STM14_3207","STM14_3207"
"STM14_3503","STM14_3503"
"STM14_4284","STM14_4284"
"STM14_939","STM14_939"
"STM14_0774","STM14_0774"
"STM14_1545","STM14_1545"
"STM14_4932","STM14_4932"
"STM14_1165","STM14_1165"
"STM14_4565","STM14_4565"
"STM14_5211","STM14_5211"
"STM14_3306","STM14_3306"
"STM14_2094","STM14_2094"
"STM14_1005","STM14_1005"
"STM14_1569","STM14_1569"
"STM14_4892","STM14_4892"
"STM14_0043","STM14_0043"
"STM14_0834","STM14_0834"
"STM14_1235","STM14_1235"
"STM14_1444","STM14_1444"
"STM14_1481","STM14_1481"
"STM14_1623","STM14_1623"
"STM14_2017","STM14_2017"
"STM14_2026","STM14_2026"
"STM14_2411","STM14_2411"
"STM14_2686","STM14_2686"
"STM14_2807","STM14_2807"
"STM14_2808","STM14_2808"
"STM14_2890","STM14_2890"
"STM14_3178","STM14_3178"
"STM14_3298","STM14_3298"
"STM14_3361","STM14_3361"
"STM14_3427","STM14_3427"
"STM14_3504","STM14_3504"
"STM14_3513","STM14_3513"
"STM14_3670","STM14_3670"
"STM14_3895","STM14_3895"
"STM14_4374","STM14_4374"
"STM14_4424","STM14_4424"
"STM14_4580","STM14_4580"
"STM14_4738","STM14_4738"
"STM14_4930","STM14_4930"
"STM14_5300","STM14_5300"
"STM14_0580","STM14_0580"
"STM14_1174","STM14_1174"
"STM14_1175","STM14_1175"
"STM14_1176","STM14_1176"
"STM14_1177","STM14_1177"
"STM14_1178","STM14_1178"
"STM14_1180","STM14_1180"
"STM14_1507","STM14_1507"
"STM14_1508","STM14_1508"
"STM14_4330","STM14_4330"
"STM14_4331","STM14_4331"
"STM14_1179","STM14_1179"
"STM14_2454","STM14_2454"
"STM14_4379","STM14_4379"
"STM14_4759","STM14_4759"
"STM14_5399","STM14_5399"
"STM14_5416","STM14_5416"
"STM14_5589","STM14_5589"
"aas","aas"
"aceF","aceF"
"adi","adi"
"alaT","alaT"
"alaV","alaV"
"allP","allP"
"apbA","panE"
"araD","araD"
"argB","argB"
"argC","argC"
"argD_2","argD_2"
"argH","argH"
"argI","argI"
"argU","argU"
"argW","argW"
"aroE_1","aroE_1"
"aroM","aroM"
"artJ","artJ"
"asnA","asnA"
"asnB","asnB"
"asnT_1","asnT_1"
"asnT_2","asnT_2"
"asnU","asnU"
"asnW","asnW"
"aspT","aspT"
"aspU","aspU"
"aspV","aspV"
"baeR","baeR"
"baeS","baeS"
"bcfB","bcfB"
"bfd","bfd"
"bglX","bglX"
"bioC","bioC"
"cadA","cadA"
"cadB","cadB"
"caiF","caiF"
"caiT","caiT"
"cigR","cigR"
"citD2","citD2"
"citE2","citE2"
"clpB","clpB"
"cobU","cobU"
"cpsG","cpsG"
"csgA","csgA"
"csgG","csgG"
"cspA","cspA"
"cspB","cspB"
"cspD","cspD"
"cybC","cybC"
"cysB","cysB"
"cysZ","cysZ"
"dacB","dacB"
"dcoB","dcoB"
"ddg","lpxP"
"ddl_2","ddl_2"
"dedD","dedD"
"dkgA","dkgA"
"dksA","dksA"
"dlhH","dlhH"
"dnaJ","dnaJ"
"dnaK","dnaK"
"dniR","mltD"
"dppA","dppA"
"dsbA","dsbA"
"dsrA","dsrA"
"ecnA","ecnA"
"entC","entC"
"entE","entE"
"envE","envE"
"envF","envF"
"envR","envR"
"fdnG","fdnG"
"fdnH","fdnH"
"fdnI","fdnI"
"fdrA","fdrA"
"fepD","fepD"
"ffs","ffs"
"fixX","fixX"
"flgA","flgA"
"flhE","flhE"
"fliE","fliE"
"fliN","fliN"
"fliP","fliP"
"folC","folC"
"folK","folK"
"ftsN","ftsN"
"ftsQ","ftsQ"
"ftsW","ftsW"
"ftsZ","ftsZ"
"fxsA","fxsA"
"galU","galU"
"glnS","glnS"
"glnV","glnV"
"glnW","glnW"
"glnX","glnX"
"glpE","glpE"
"gltU","gltU"
"gltV","gltV"
"gltW","gltW"
"gmd","gmd"
"gpmA","gpmA"
"gpmB","ytjC"
"groEL","groL"
"groES","groS"
"grpE","grpE"
"gtgA","gtgA"
"hdeB","hdeB"
"hilA","hilA"
"hilC","hilC"
"hilD","hilD"
"hisR","hisR"
"hpaH","hpaH"
"hslO","hslO"
"hslU","hslU"
"hslV","hslV"
"htpG","htpG"
"hycA","hycA"
"hycB","hycB"
"hycC","hycC"
"hycH","hycH"
"hydN","hydN"
"iacP","iacP"
"iagB","iagB"
"iap","iap"
"ibpA","ibpA"
"ibpB","ibpB"
"ilvL","ilvL"
"invA","invA"
"invB","invB"
"invC","invC"
"invE","invE"
"invF","invF"
"invG","invG"
"invH","invH"
"invI","invI"
"invJ","invJ"
"kgtP","kgtP"
"leuP","leuP"
"leuQ","leuQ"
"leuT","leuT"
"leuU","leuU"
"leuV","leuV"
"leuX","leuX"
"leuZ","leuZ"
"lolB","lolB"
"lon","lon"
"lpfA","lpfA"
"lysV","lysV"
"lysZ","lysZ"
"malG","malG"
"manX","manX"
"manY","manY"
"manZ","manZ"
"mdaA","nfsA"
"menA","menA"
"metW","metW"
"metY","metY"
"metZ","metZ"
"mig-14","mig-14"
"minC","minC"
"minD","minD"
"minE","minE"
"mipA","mipA"
"mltC","mltC"
"mpl","mpl"
"mraY","mraY"
"msgA","msgA"
"murC","murC"
"murD","murD"
"murF","murF"
"mutM","mutM"
"mutY","mutY"
"nepI","nepI"
"nhaA","nhaA"
"nhaR","nhaR"
"nhoA","nhoA"
"nirD","nirD"
"ogt","ogt"
"ompF","ompF"
"ompS","ompS"
"orgA","orgA"
"orgB","orgB"
"orgC","orgC"
"pagC","pagC"
"pagD","pagD"
"pckA","pck"
"pduA","pduA"
"pduO","pduO"
"pgpB","pgpB"
"pheR","pheR"
"pheV","pheV"
"phnS","phnS"
"phoE","phoE"
"phoL","ybeZ"
"phoP","phoP"
"pipB","pipB"
"pipC","pipC"
"pmbA","pmbA"
"pmgI","pmgI"
"pphA","pphA"
"prgH","prgH"
"prgI","prgI"
"prgJ","prgJ"
"prgK","prgK"
"proK","proK"
"proL","proL"
"proM","proM"
"prpB","prpB"
"pspA","pspA"
"pspB","pspB"
"pspC","pspC"
"pspD","pspD"
"pspG","pspG"
"rhaA","rhaA"
"rhaT","rhaT"
"rihA","rihA"
"rmf","rmf"
"rnfD","rnfD"
"rnpB","rnpB"
"rplT","rplT"
"rpmG","rpmG"
"rpsO","rpsO"
"rpsR","rpsR"
"rrfD","rrfD"
"rrfF","rrfF"
"rrfH","rrfH"
"rrlA","rrlA"
"rrlB","rrlB"
"rrlC","rrlC"
"rrlD","rrlD"
"rrlG","rrlG"
"rrlH","rrlH"
"safB","safB"
"sanA","sanA"
"selC","selC"
"selD","selD"
"serW","serW"
"serX","serX"
"sfbA","sfbA"
"sfbB","sfbB"
"sfbC","sfbC"
"sicA","sicA"
"sicP","sicP"
"sifB","sifB"
"sinR","sinR"
"sipA","sipA"
"sipB","sipB"
"sipC","sipC"
"sipD","sipD"
"slrB","slrB"
"slrP","slrP"
"slyA","slyA"
"sopA","sopA"
"sopB","sopB"
"sopD","sopD"
"sopE2","sopE2"
"spaO","spaO"
"spaP","spaP"
"spaQ","spaQ"
"spaS","spaS"
"spf","spf"
"sprB","sprB"
"sptP","sptP"
"spvA","spvA"
"srfA","srfA"
"srfB","srfB"
"srlD","srlD"
"ssaB","ssaB"
"ssaC","ssaC"
"ssaG","ssaG"
"ssaH","ssaH"
"ssaI","ssaI"
"ssaJ","ssaJ"
"ssaK","ssaK"
"ssb","ssb"
"sscA","sscA"
"sseJ","sseJ"
"sseL","sseL"
"ssrA","ssrA"
"stfF","stfF"
"stjC","stjC"
"sugR","sugR"
"tdcA","tdcA"
"tdcG","tdcG"
"thrT","thrT"
"thrU","thrU"
"thrV","thrV"
"thrW","thrW"
"topB","topB"
"tpx","tpx"
"traL","traL"
"trpE","trpE"
"trpT","trpT"
"trxC","trxC"
"tyrU","tyrU"
"tyrV","tyrV"
"ugtL","ugtL"
"uppP","bacA"
"valW","valW"
"wcaD","wcaD"
"wcaF","wcaF"
"wcaG","fcl"
"wcaI","wcaI"
"wcaK","wcaK"
"wza","wza"
"wzzB","wzzB"
"yabI","yabI"
"yadB","gluQ"
"yafS","yafS"
"yaiE","ppnP"
"yaiV","iprA"
"yajB","acpH"
"yajG","yajG"
"yajI","yajI"
"ybaL","ybaL"
"ybaW","fadM"
"ybbN","cnoX"
"ybdJ","ybdJ"
"ybdZ","ybdZ"
"ybeD","ybeD"
"ybeY","ybeY"
"ybgR","zitB"
"ybiI","ybiI"
"ybiJ","ybiJ"
"ybjC","ybjC"
"ybjD","ybjD"
"ybjE","lysO"
"ycbW","zapC"
"yccV","hspQ"
"yceO","yceO"
"ychP","ychO"
"yciE","yciE"
"yciF","yciF"
"yciU","yciU"
"ydeJ","ydeJ"
"ydfZ","ydfZ"
"ydgC","ydgC"
"ydgK","ydgK"
"ydgP","ydgP"
"ydgT","cnu"
"ydhL","ydhL"
"ydiF","ydiF"
"ydiM","ydiM"
"ydiN","ydiN"
"ydiO","ydiO"
"ydjM","ydjM"
"yeaO","yeaO"
"yebA","mepM"
"yebB","yebB"
"yebW","yebW"
"yegB","mdtD"
"yehV","mlrA"
"yeiH","yeiH"
"yfcF","yfcF"
"yfdC","yfdC"
"yfiD","grcA"
"yfiE","yfiE"
"ygbA","ygbA"
"ygdP","ygdP"
"ygdQ","ygdQ"
"ygeD","ygeD"
"yggX","yggX"
"yghA","yghA"
"ygiD","ygiD"
"ygiH","plsY"
"yhcC","yhcC"
"yhcS","aaeR"
"yheL","tusB"
"yhfC","tsgA"
"yhgE","yhgE"
"yhgF","yhgF"
"yhgH","yhgH"
"yhgI","nfuA"
"yhhT","yhhT"
"yhhV","yhhV"
"yhiQ","rsmJ"
"yhjB","yhjB"
"yiaB","yiaB"
"yiaD","yiaD"
"yiaK","yiaK"
"yibP","envC"
"yidE","yidE"
"yidF","yidF"
"yifZ","yifZ"
"yigF","yigF"
"yihE","srkA"
"yjbE","yjbE"
"yjbF","yjbF"
"yjbG","yjbG"
"yjbJ","yjbJ"
"yjcE","yjcE"
"yjdE","adiC"
"yjeJ","yjeJ"
"yjeT","yjeT"
"yjfJ","yjfJ"
"yjiG","yjiG"
"yjiW","symE"
"yjiY","btsT"
"yjjY","yjjY"
"ylbE","ylbE"
"ymdC","ymdC"
"yneI","sad"
"yoaH","yoaH"
"yodD","yodD"
"ypeC","ypeC"
"yqhD","yqhD"
"yrbE","mlaE"
"yrbF","mlaF"
"yrfH","hslR"
"ytfK","ytfK"
"zipA","zipA"
"znuA","znuA"
